<?xml version="1.0" encoding="UTF-8"?>
<configuration>
    <appender name="STDOUT"
        class="ch.qos.logback.core.ConsoleAppender">
        <encoder>
            <pattern>%d{HH:mm:ss.SSS} [%thread] %-5level %logger{36} - %msg%n</pattern>
        </encoder>
    </appender>
    <appender name="FILE" class="ch.qos.logback.core.FileAppender">
        <file>MyApp.log</file>
        <encoder>
            <pattern>%date %level [%thread] %logger{10} [%file:%line] %msg%n </pattern>
        </encoder>
    </appender>
    <logger name="com.apress" level="INFO" additivity="false">
        <appender-ref ref="STDOUT" />
        <appender-ref ref="FILE" />
    </logger>
    <root level="INFO">
        <appender-ref ref="STDOUT" />
        <appender-ref ref="FILE" />
    </root>
</configuration>