<?xml version="1.0" encoding="UTF-8"?>
<!--

    Copyright © 2013-2021, The SeedStack authors <http://seedstack.org>

    This Source Code Form is subject to the terms of the Mozilla Public
    License, v. 2.0. If a copy of the MPL was not distributed with this
    file, You can obtain one at http://mozilla.org/MPL/2.0/.

-->
<archetype-descriptor
        xsi:schemaLocation="http://maven.apache.org/plugins/maven-archetype-plugin/archetype-descriptor/1.0.0 http://maven.apache.org/xsd/archetype-descriptor-1.0.0.xsd"
        name="cli"
        xmlns="http://maven.apache.org/plugins/maven-archetype-plugin/archetype-descriptor/1.0.0"
        xmlns:xsi="http://www.w3.org/2001/XMLSchema-instance">

    <fileSets>
        <fileSet filtered="true" packaged="true" encoding="UTF-8">
            <directory>src/main/java</directory>
            <includes>
                <include>**/*</include>
            </includes>
        </fileSet>
        <fileSet filtered="true" packaged="false" encoding="UTF-8">
            <directory>src/main/resources</directory>
            <includes>
                <include>**/*</include>
            </includes>
        </fileSet>
        <fileSet filtered="true" packaged="true" encoding="UTF-8">
            <directory>src/test/java</directory>
            <includes>
                <include>**/*</include>
            </includes>
        </fileSet>
        <fileSet filtered="true" packaged="false" encoding="UTF-8">
            <directory>src/test/resources</directory>
            <includes>
                <include>**/*</include>
            </includes>
        </fileSet>
    </fileSets>
</archetype-descriptor>
