<?xml version="1.0" encoding="UTF-8"?>
<beans xmlns="http://www.springframework.org/schema/beans"
       xmlns:batch="http://www.springframework.org/schema/batch"
       xmlns:xsi="http://www.w3.org/2001/XMLSchema-instance"
       xsi:schemaLocation="http://www.springframework.org/schema/batch
		http://www.springframework.org/schema/batch/spring-batch-2.2.xsd
		http://www.springframework.org/schema/beans
		http://www.springframework.org/schema/beans/spring-beans-3.2.xsd">

    <!-- the job will contains only one step that refers to the tasklet -->
    <batch:job id="helloWorldJob">
        <batch:step id="helloWorldStep">
            <batch:tasklet>
                <bean class="${package}.interfaces.batch.HelloWorldTasklet"/>
            </batch:tasklet>
        </batch:step>
    </batch:job>

    <!-- TODO: don't use the ResourcelessTransactionManager in production -->
    <bean id="transactionManager" class="org.springframework.batch.support.transaction.ResourcelessTransactionManager"/>

    <bean id="jobRepository" class="org.springframework.batch.core.repository.support.MapJobRepositoryFactoryBean"/>

    <bean id="jobLauncher" class="org.springframework.batch.core.launch.support.SimpleJobLauncher">
        <property name="jobRepository" ref="jobRepository"/>
    </bean>
</beans>
